{
    "rmse": 3695691.360057929,
    "mae": 1451470.3006178075,
    "r2": 0.854949679973755
}